CustomerID,Idade,Genero,Tempo_Meses,Contrato,Mensalidade,Total_Gasto,Churn
CUST-0001,56,Masculino,7,Mensal,95.59,669.13,Sim
CUST-0002,69,Masculino,9,Mensal,84.56,761.04,Não
CUST-0003,46,Feminino,48,Bienal,50.22,2410.56,Não
CUST-0004,32,Masculino,59,Bienal,159.4,9404.6,Não
CUST-0005,60,Masculino,39,Mensal,195.03,7606.17,Sim
CUST-0006,25,Feminino,18,Mensal,83.64,1505.52,Sim
CUST-0007,78,Masculino,59,Anual,149.46,8818.14,Não
CUST-0008,38,Masculino,17,Bienal,161.28,2741.76,Não
CUST-0009,56,Masculino,14,Anual,177.26,2481.64,Não
CUST-0010,75,Masculino,31,Mensal,113.39,3515.09,Não
CUST-0011,36,Masculino,24,Mensal,95.44,2290.56,Sim
CUST-0012,40,Feminino,60,Anual,98.79,5927.4,Não
CUST-0013,28,Masculino,45,Mensal,156.89,7060.05,Não
CUST-0014,28,Masculino,3,Anual,172.52,517.56,Sim
CUST-0015,41,Masculino,37,Mensal,77.24,2857.88,Não
CUST-0016,70,Masculino,43,Anual,105.64,4542.52,Não
CUST-0017,53,Masculino,40,Mensal,185.29,7411.6,Não
CUST-0018,57,Feminino,55,Anual,171.0,9405.0,Não
CUST-0019,41,Masculino,39,Mensal,197.73,7711.47,Sim
CUST-0020,20,Feminino,15,Anual,163.14,2447.1,Não
CUST-0021,39,Feminino,4,Mensal,108.98,435.92,Não
CUST-0022,70,Masculino,25,Anual,138.6,3465.0,Não
CUST-0023,19,Masculino,13,Anual,149.15,1938.95,Não
CUST-0024,41,Masculino,33,Anual,61.77,2038.41,Não
CUST-0025,61,Masculino,16,Anual,131.67,2106.72,Não
CUST-0026,47,Feminino,42,Anual,156.4,6568.8,Não
CUST-0027,55,Masculino,66,Bienal,75.1,4956.6,Não
CUST-0028,19,Masculino,55,Mensal,167.09,9189.95,Não
CUST-0029,77,Masculino,42,Bienal,137.57,5777.94,Não
CUST-0030,38,Masculino,34,Mensal,192.83,6556.22,Não
CUST-0031,50,Masculino,30,Mensal,56.36,1690.8,Não
CUST-0032,29,Masculino,13,Mensal,89.8,1167.4,Sim
CUST-0033,75,Feminino,13,Mensal,140.23,1822.99,Sim
CUST-0034,39,Feminino,18,Anual,94.48,1700.64,Não
CUST-0035,78,Masculino,32,Anual,157.16,5029.12,Não
CUST-0036,61,Masculino,39,Anual,163.85,6390.15,Não
CUST-0037,42,Masculino,46,Anual,65.38,3007.48,Não
CUST-0038,66,Feminino,29,Mensal,127.08,3685.32,Não
CUST-0039,44,Masculino,62,Mensal,126.33,7832.46,Não
CUST-0040,76,Feminino,62,Mensal,105.39,6534.18,Não
CUST-0041,59,Masculino,57,Mensal,189.94,10826.58,Não
CUST-0042,45,Masculino,16,Mensal,174.13,2786.08,Não
CUST-0043,77,Masculino,56,Mensal,154.58,8656.48,Sim
CUST-0044,33,Masculino,10,Anual,157.15,1571.5,Sim
CUST-0045,32,Feminino,30,Anual,119.26,3577.8,Não
CUST-0046,79,Feminino,25,Bienal,188.15,4703.75,Não
CUST-0047,79,Masculino,5,Bienal,154.19,770.95,Sim
CUST-0048,64,Masculino,65,Anual,159.35,10357.75,Não
CUST-0049,79,Feminino,49,Mensal,179.25,8783.25,Não
CUST-0050,68,Feminino,3,Anual,91.11,273.33,Não
CUST-0051,61,Feminino,45,Anual,171.06,7697.7,Não
CUST-0052,72,Feminino,14,Mensal,79.29,1110.06,Não
CUST-0053,69,Masculino,30,Mensal,101.8,3054.0,Não
CUST-0054,74,Feminino,68,Bienal,100.34,6823.12,Não
CUST-0055,20,Masculino,18,Mensal,196.78,3542.04,Sim
CUST-0056,54,Feminino,62,Anual,178.48,11065.76,Não
CUST-0057,68,Feminino,37,Anual,155.18,5741.66,Não
CUST-0058,24,Feminino,25,Mensal,159.06,3976.5,Não
CUST-0059,38,Feminino,48,Mensal,134.31,6446.88,Não
CUST-0060,26,Feminino,65,Mensal,192.06,12483.9,Sim
CUST-0061,56,Masculino,53,Mensal,124.44,6595.32,Não
CUST-0062,35,Masculino,15,Mensal,107.08,1606.2,Sim
CUST-0063,21,Feminino,49,Bienal,74.46,3648.54,Não
CUST-0064,42,Feminino,68,Mensal,167.93,11419.24,Não
CUST-0065,77,Masculino,12,Anual,160.17,1922.04,Não
CUST-0066,31,Feminino,59,Mensal,107.65,6351.35,Não
CUST-0067,67,Feminino,37,Bienal,53.78,1989.86,Não
CUST-0068,75,Masculino,61,Mensal,175.85,10726.85,Não
CUST-0069,26,Feminino,43,Mensal,51.71,2223.53,Não
CUST-0070,43,Feminino,70,Bienal,155.55,10888.5,Não
CUST-0071,70,Masculino,39,Bienal,195.54,7626.06,Não
CUST-0072,19,Masculino,56,Mensal,115.65,6476.4,Sim
CUST-0073,37,Masculino,63,Bienal,85.25,5370.75,Não
CUST-0074,45,Feminino,46,Mensal,155.73,7163.58,Não
CUST-0075,64,Masculino,11,Mensal,172.57,1898.27,Sim
CUST-0076,77,Masculino,62,Mensal,131.96,8181.52,Sim
CUST-0077,24,Masculino,25,Mensal,195.06,4876.5,Sim
CUST-0078,61,Masculino,71,Anual,57.75,4100.25,Não
CUST-0079,78,Masculino,52,Mensal,125.72,6537.44,Não
CUST-0080,25,Masculino,4,Mensal,157.77,631.08,Sim
CUST-0081,64,Feminino,59,Anual,179.4,10584.6,Não
CUST-0082,52,Feminino,20,Anual,76.89,1537.8,Não
CUST-0083,31,Masculino,63,Mensal,170.0,10710.0,Não
CUST-0084,34,Masculino,54,Anual,132.91,7177.14,Não
CUST-0085,53,Masculino,57,Mensal,109.48,6240.36,Não
CUST-0086,67,Feminino,41,Anual,69.76,2860.16,Não
CUST-0087,57,Feminino,3,Anual,179.79,539.37,Não
CUST-0088,21,Feminino,6,Bienal,73.59,441.54,Não
CUST-0089,19,Feminino,5,Mensal,96.47,482.35,Sim
CUST-0090,79,Feminino,5,Mensal,93.51,467.55,Sim
CUST-0091,23,Feminino,54,Mensal,180.71,9758.34,Não
CUST-0092,71,Feminino,47,Mensal,150.91,7092.77,Sim
CUST-0093,59,Feminino,49,Mensal,169.5,8305.5,Sim
CUST-0094,21,Feminino,9,Bienal,87.57,788.13,Não
CUST-0095,71,Masculino,20,Mensal,143.73,2874.6,Não
CUST-0096,46,Masculino,61,Mensal,135.76,8281.36,Não
CUST-0097,35,Masculino,35,Anual,174.92,6122.2,Não
CUST-0098,43,Masculino,50,Mensal,185.91,9295.5,Não
CUST-0099,61,Feminino,62,Anual,51.82,3212.84,Não
CUST-0100,51,Feminino,17,Mensal,151.1,2568.7,Sim
CUST-0101,27,Masculino,3,Mensal,57.78,173.34,Não
CUST-0102,79,Feminino,32,Mensal,132.33,4234.56,Não
CUST-0103,53,Masculino,13,Mensal,93.14,1210.82,Não
CUST-0104,31,Feminino,68,Bienal,96.02,6529.36,Não
CUST-0105,48,Masculino,14,Mensal,102.94,1441.16,Não
CUST-0106,65,Feminino,11,Anual,143.19,1575.09,Não
CUST-0107,32,Feminino,56,Mensal,100.11,5606.16,Não
CUST-0108,25,Masculino,67,Mensal,159.9,10713.3,Sim
CUST-0109,31,Feminino,29,Bienal,110.68,3209.72,Não
CUST-0110,40,Masculino,9,Mensal,60.25,542.25,Sim
CUST-0111,77,Masculino,67,Anual,167.56,11226.52,Não
CUST-0112,74,Masculino,25,Bienal,92.86,2321.5,Não
CUST-0113,79,Masculino,42,Anual,114.92,4826.64,Não
CUST-0114,57,Feminino,9,Bienal,152.82,1375.38,Não
CUST-0115,38,Feminino,40,Mensal,99.87,3994.8,Sim
CUST-0116,33,Feminino,25,Mensal,58.49,1462.25,Não
CUST-0117,62,Masculino,5,Mensal,106.09,530.45,Sim
CUST-0118,35,Feminino,11,Anual,191.67,2108.37,Não
CUST-0119,64,Masculino,59,Bienal,146.26,8629.34,Não
CUST-0120,70,Feminino,38,Mensal,150.72,5727.36,Sim
CUST-0121,41,Feminino,5,Anual,144.84,724.2,Não
CUST-0122,43,Feminino,48,Mensal,79.85,3832.8,Não
CUST-0123,42,Masculino,18,Anual,112.75,2029.5,Não
CUST-0124,77,Feminino,70,Mensal,162.64,11384.8,Não
CUST-0125,77,Feminino,37,Bienal,65.21,2412.77,Não
CUST-0126,77,Masculino,60,Anual,91.68,5500.8,Não
CUST-0127,62,Feminino,48,Mensal,91.45,4389.6,Sim
CUST-0128,58,Masculino,28,Mensal,114.8,3214.4,Sim
CUST-0129,46,Feminino,69,Mensal,197.06,13597.14,Sim
CUST-0130,32,Masculino,40,Mensal,60.13,2405.2,Não
CUST-0131,62,Masculino,45,Mensal,127.81,5751.45,Não
CUST-0132,18,Feminino,62,Bienal,76.9,4767.8,Não
CUST-0133,42,Masculino,58,Anual,195.6,11344.8,Não
CUST-0134,24,Masculino,67,Anual,67.0,4489.0,Não
CUST-0135,26,Masculino,56,Mensal,110.54,6190.24,Não
CUST-0136,41,Masculino,40,Bienal,160.68,6427.2,Não
CUST-0137,18,Masculino,40,Anual,155.68,6227.2,Não
CUST-0138,61,Masculino,33,Mensal,113.41,3742.53,Não
CUST-0139,25,Feminino,6,Anual,101.98,611.88,Não
CUST-0140,41,Masculino,19,Anual,109.64,2083.16,Não
CUST-0141,28,Masculino,40,Mensal,89.64,3585.6,Não
CUST-0142,68,Feminino,59,Mensal,80.8,4767.2,Sim
CUST-0143,34,Feminino,59,Mensal,122.46,7225.14,Não
CUST-0144,25,Feminino,48,Mensal,90.28,4333.44,Sim
CUST-0145,52,Feminino,41,Bienal,93.12,3817.92,Não
CUST-0146,52,Feminino,13,Bienal,148.51,1930.63,Não
CUST-0147,50,Feminino,45,Anual,195.28,8787.6,Não
CUST-0148,76,Feminino,53,Mensal,140.55,7449.15,Sim
CUST-0149,22,Masculino,42,Mensal,61.55,2585.1,Não
CUST-0150,59,Masculino,63,Anual,61.34,3864.42,Não
CUST-0151,56,Feminino,27,Anual,192.71,5203.17,Não
CUST-0152,75,Masculino,38,Mensal,94.59,3594.42,Não
CUST-0153,58,Masculino,60,Anual,63.81,3828.6,Não
CUST-0154,45,Masculino,7,Bienal,139.86,979.02,Não
CUST-0155,24,Feminino,5,Mensal,143.55,717.75,Sim
CUST-0156,26,Feminino,45,Mensal,147.28,6627.6,Sim
CUST-0157,25,Masculino,58,Anual,90.11,5226.38,Não
CUST-0158,29,Feminino,31,Mensal,52.27,1620.37,Não
CUST-0159,51,Masculino,23,Mensal,194.75,4479.25,Sim
CUST-0160,50,Masculino,42,Mensal,87.63,3680.46,Não
CUST-0161,65,Masculino,10,Mensal,151.4,1514.0,Sim
CUST-0162,72,Masculino,32,Anual,155.99,4991.68,Não
CUST-0163,40,Feminino,53,Anual,141.5,7499.5,Não
CUST-0164,79,Feminino,30,Mensal,96.94,2908.2,Não
CUST-0165,41,Feminino,39,Bienal,90.66,3535.74,Não
CUST-0166,54,Masculino,31,Bienal,139.65,4329.15,Não
CUST-0167,52,Feminino,2,Bienal,179.91,359.82,Não
CUST-0168,61,Masculino,12,Mensal,192.01,2304.12,Não
CUST-0169,57,Feminino,39,Mensal,65.89,2569.71,Não
CUST-0170,39,Masculino,66,Bienal,73.22,4832.52,Não
CUST-0171,44,Masculino,13,Anual,191.71,2492.23,Não
CUST-0172,52,Masculino,46,Mensal,160.48,7382.08,Sim
CUST-0173,18,Feminino,27,Mensal,182.45,4926.15,Não
CUST-0174,52,Feminino,17,Mensal,80.39,1366.63,Não
CUST-0175,54,Feminino,60,Bienal,138.14,8288.4,Não
CUST-0176,64,Feminino,64,Anual,155.17,9930.88,Não
CUST-0177,31,Masculino,35,Mensal,152.02,5320.7,Não
CUST-0178,20,Feminino,70,Mensal,111.22,7785.4,Não
CUST-0179,18,Feminino,30,Anual,52.31,1569.3,Não
CUST-0180,22,Masculino,71,Bienal,137.44,9758.24,Não
CUST-0181,43,Masculino,63,Mensal,87.97,5542.11,Não
CUST-0182,72,Masculino,28,Anual,117.54,3291.12,Não
CUST-0183,31,Feminino,60,Bienal,193.64,11618.4,Não
CUST-0184,56,Masculino,37,Mensal,109.86,4064.82,Não
CUST-0185,44,Masculino,22,Anual,175.97,3871.34,Não
CUST-0186,26,Masculino,68,Mensal,78.28,5323.04,Não
CUST-0187,32,Feminino,20,Anual,150.87,3017.4,Não
CUST-0188,32,Masculino,68,Anual,196.55,13365.4,Não
CUST-0189,43,Feminino,64,Anual,65.28,4177.92,Não
CUST-0190,59,Feminino,17,Anual,51.25,871.25,Não
CUST-0191,77,Masculino,12,Mensal,115.04,1380.48,Não
CUST-0192,30,Masculino,22,Bienal,63.89,1405.58,Não
CUST-0193,68,Feminino,17,Anual,162.26,2758.42,Não
CUST-0194,49,Masculino,10,Mensal,187.18,1871.8,Sim
CUST-0195,56,Masculino,65,Anual,115.1,7481.5,Não
CUST-0196,66,Feminino,22,Anual,88.81,1953.82,Não
CUST-0197,69,Feminino,50,Mensal,115.16,5758.0,Não
CUST-0198,78,Masculino,14,Bienal,158.52,2219.28,Não
CUST-0199,49,Feminino,64,Bienal,51.36,3287.04,Não
CUST-0200,21,Masculino,47,Mensal,138.42,6505.74,Sim
CUST-0201,47,Masculino,29,Bienal,141.99,4117.71,Não
CUST-0202,54,Masculino,36,Mensal,145.65,5243.4,Não
CUST-0203,40,Feminino,52,Mensal,86.3,4487.6,Não
CUST-0204,56,Masculino,7,Mensal,157.11,1099.77,Sim
CUST-0205,62,Masculino,29,Bienal,63.71,1847.59,Não
CUST-0206,32,Masculino,11,Anual,79.89,878.79,Não
CUST-0207,60,Feminino,33,Mensal,181.62,5993.46,Não
CUST-0208,46,Feminino,6,Mensal,160.81,964.86,Sim
CUST-0209,53,Feminino,32,Anual,52.06,1665.92,Não
CUST-0210,30,Feminino,51,Mensal,87.26,4450.26,Não
CUST-0211,49,Feminino,58,Bienal,82.16,4765.28,Não
CUST-0212,24,Masculino,26,Bienal,90.62,2356.12,Não
CUST-0213,76,Feminino,46,Anual,87.13,4007.98,Não
CUST-0214,68,Feminino,29,Bienal,59.38,1722.02,Não
CUST-0215,39,Feminino,4,Mensal,118.84,475.36,Sim
CUST-0216,45,Masculino,13,Bienal,159.91,2078.83,Não
CUST-0217,19,Feminino,39,Anual,141.01,5499.39,Não
CUST-0218,59,Feminino,15,Anual,150.93,2263.95,Não
CUST-0219,62,Masculino,29,Mensal,62.17,1802.93,Sim
CUST-0220,79,Feminino,29,Bienal,192.72,5588.88,Não
CUST-0221,74,Masculino,32,Mensal,175.77,5624.64,Não
CUST-0222,70,Masculino,2,Mensal,170.76,341.52,Sim
CUST-0223,23,Masculino,47,Mensal,173.45,8152.15,Não
CUST-0224,45,Masculino,22,Anual,189.91,4178.02,Não
CUST-0225,45,Masculino,27,Anual,131.64,3554.28,Não
CUST-0226,61,Feminino,67,Anual,80.04,5362.68,Não
CUST-0227,61,Masculino,56,Bienal,142.52,7981.12,Não
CUST-0228,37,Masculino,21,Mensal,161.43,3390.03,Sim
CUST-0229,47,Feminino,47,Anual,160.69,7552.43,Não
CUST-0230,79,Masculino,59,Mensal,128.22,7564.98,Não
CUST-0231,28,Feminino,6,Bienal,60.27,361.62,Não
CUST-0232,75,Feminino,19,Bienal,105.67,2007.73,Não
CUST-0233,72,Feminino,57,Anual,188.11,10722.27,Não
CUST-0234,45,Masculino,69,Anual,137.67,9499.23,Não
CUST-0235,42,Masculino,3,Mensal,130.75,392.25,Sim
CUST-0236,56,Masculino,1,Mensal,90.33,90.33,Sim
CUST-0237,79,Feminino,58,Bienal,105.27,6105.66,Não
CUST-0238,50,Masculino,38,Mensal,184.3,7003.4,Não
CUST-0239,18,Masculino,15,Mensal,149.97,2249.55,Não
CUST-0240,74,Masculino,34,Mensal,168.11,5715.74,Sim
CUST-0241,44,Feminino,61,Bienal,118.15,7207.15,Não
CUST-0242,79,Feminino,35,Mensal,144.54,5058.9,Não
CUST-0243,74,Masculino,64,Mensal,87.26,5584.64,Não
CUST-0244,69,Masculino,25,Anual,155.82,3895.5,Não
CUST-0245,30,Masculino,24,Bienal,114.14,2739.36,Não
CUST-0246,58,Masculino,12,Mensal,116.38,1396.56,Não
CUST-0247,20,Feminino,18,Mensal,147.4,2653.2,Não
CUST-0248,56,Feminino,15,Mensal,190.44,2856.6,Sim
CUST-0249,23,Feminino,27,Mensal,59.6,1609.2,Sim
CUST-0250,25,Feminino,60,Mensal,173.71,10422.6,Sim
CUST-0251,44,Masculino,46,Anual,93.86,4317.56,Não
CUST-0252,26,Masculino,17,Anual,116.59,1982.03,Não
CUST-0253,79,Masculino,53,Anual,53.29,2824.37,Não
CUST-0254,54,Feminino,8,Mensal,95.16,761.28,Sim
CUST-0255,50,Masculino,27,Bienal,125.39,3385.53,Não
CUST-0256,68,Feminino,46,Mensal,58.43,2687.78,Não
CUST-0257,59,Feminino,50,Bienal,123.66,6183.0,Não
CUST-0258,61,Masculino,71,Anual,189.07,13423.97,Não
CUST-0259,41,Masculino,3,Mensal,65.81,197.43,Não
CUST-0260,32,Masculino,64,Anual,164.67,10538.88,Não
CUST-0261,76,Feminino,44,Mensal,111.45,4903.8,Não
CUST-0262,71,Masculino,53,Anual,148.28,7858.84,Não
CUST-0263,49,Feminino,24,Mensal,89.04,2136.96,Sim
CUST-0264,49,Masculino,60,Mensal,73.92,4435.2,Não
CUST-0265,41,Feminino,3,Bienal,74.07,222.21,Não
CUST-0266,58,Feminino,20,Mensal,60.57,1211.4,Sim
CUST-0267,69,Masculino,46,Bienal,77.85,3581.1,Não
CUST-0268,66,Feminino,15,Mensal,149.63,2244.45,Não
CUST-0269,79,Feminino,25,Anual,182.25,4556.25,Não
CUST-0270,66,Masculino,71,Anual,172.12,12220.52,Não
CUST-0271,75,Feminino,17,Anual,152.77,2597.09,Não
CUST-0272,69,Masculino,9,Mensal,66.56,599.04,Sim
CUST-0273,29,Feminino,38,Mensal,93.38,3548.44,Não
CUST-0274,79,Masculino,48,Mensal,96.47,4630.56,Não
CUST-0275,56,Masculino,60,Mensal,87.49,5249.4,Não
CUST-0276,19,Feminino,63,Anual,127.25,8016.75,Não
CUST-0277,20,Feminino,2,Bienal,130.33,260.66,Não
CUST-0278,66,Feminino,11,Bienal,103.53,1138.83,Não
CUST-0279,54,Feminino,64,Anual,103.07,6596.48,Não
CUST-0280,66,Feminino,21,Anual,174.28,3659.88,Não
CUST-0281,73,Masculino,18,Anual,168.39,3031.02,Não
CUST-0282,34,Feminino,64,Mensal,96.17,6154.88,Sim
CUST-0283,76,Masculino,38,Bienal,187.07,7108.66,Não
CUST-0284,66,Masculino,32,Anual,192.92,6173.44,Não
CUST-0285,19,Feminino,11,Anual,99.01,1089.11,Não
CUST-0286,19,Masculino,45,Mensal,103.16,4642.2,Não
CUST-0287,45,Masculino,33,Mensal,125.85,4153.05,Não
CUST-0288,71,Masculino,41,Mensal,191.17,7837.97,Não
CUST-0289,40,Masculino,8,Bienal,181.45,1451.6,Não
CUST-0290,54,Feminino,11,Anual,65.39,719.29,Não
CUST-0291,49,Masculino,51,Mensal,108.91,5554.41,Não
CUST-0292,50,Feminino,41,Bienal,133.01,5453.41,Não
CUST-0293,18,Feminino,17,Mensal,125.47,2132.99,Não
CUST-0294,36,Masculino,46,Mensal,79.08,3637.68,Não
CUST-0295,79,Feminino,32,Mensal,178.82,5722.24,Sim
CUST-0296,19,Feminino,54,Anual,151.54,8183.16,Não
CUST-0297,70,Feminino,20,Bienal,175.69,3513.8,Não
CUST-0298,61,Masculino,33,Mensal,178.81,5900.73,Sim
CUST-0299,43,Feminino,40,Bienal,162.25,6490.0,Não
CUST-0300,49,Feminino,32,Mensal,115.88,3708.16,Não
CUST-0301,23,Feminino,2,Bienal,141.58,283.16,Não
CUST-0302,49,Masculino,33,Anual,74.05,2443.65,Não
CUST-0303,72,Feminino,30,Bienal,151.05,4531.5,Não
CUST-0304,21,Masculino,33,Mensal,76.89,2537.37,Não
CUST-0305,72,Masculino,26,Bienal,154.09,4006.34,Não
CUST-0306,28,Masculino,22,Anual,84.44,1857.68,Não
CUST-0307,73,Masculino,66,Mensal,67.63,4463.58,Sim
CUST-0308,76,Masculino,38,Bienal,74.79,2842.02,Não
CUST-0309,34,Masculino,46,Mensal,50.3,2313.8,Não
CUST-0310,55,Feminino,15,Bienal,157.81,2367.15,Não
CUST-0311,41,Masculino,44,Mensal,159.86,7033.84,Não
CUST-0312,22,Feminino,49,Anual,127.24,6234.76,Não
CUST-0313,69,Feminino,61,Anual,74.2,4526.2,Não
CUST-0314,51,Masculino,67,Mensal,62.53,4189.51,Sim
CUST-0315,23,Feminino,6,Mensal,52.87,317.22,Sim
CUST-0316,39,Feminino,9,Mensal,74.86,673.74,Sim
CUST-0317,28,Feminino,6,Mensal,183.63,1101.78,Sim
CUST-0318,65,Feminino,32,Mensal,86.23,2759.36,Não
CUST-0319,33,Masculino,41,Anual,103.14,4228.74,Não
CUST-0320,50,Feminino,8,Mensal,65.8,526.4,Sim
CUST-0321,26,Masculino,50,Mensal,83.35,4167.5,Não
CUST-0322,77,Feminino,62,Anual,127.88,7928.56,Não
CUST-0323,76,Feminino,62,Mensal,141.16,8751.92,Não
CUST-0324,23,Masculino,7,Bienal,86.8,607.6,Não
CUST-0325,33,Feminino,4,Bienal,58.66,234.64,Não
CUST-0326,46,Feminino,6,Anual,108.65,651.9,Não
CUST-0327,20,Feminino,58,Anual,85.13,4937.54,Não
CUST-0328,37,Masculino,22,Bienal,82.93,1824.46,Não
CUST-0329,77,Feminino,26,Mensal,193.98,5043.48,Sim
CUST-0330,76,Masculino,3,Mensal,142.45,427.35,Sim
CUST-0331,53,Feminino,41,Mensal,133.53,5474.73,Não
CUST-0332,36,Masculino,60,Anual,112.37,6742.2,Não
CUST-0333,43,Masculino,14,Mensal,114.34,1600.76,Não
CUST-0334,20,Feminino,12,Anual,131.14,1573.68,Não
CUST-0335,36,Feminino,12,Bienal,154.46,1853.52,Não
CUST-0336,37,Masculino,13,Bienal,155.32,2019.16,Não
CUST-0337,49,Masculino,25,Anual,75.75,1893.75,Não
CUST-0338,24,Feminino,45,Mensal,125.02,5625.9,Não
CUST-0339,69,Masculino,19,Bienal,111.79,2124.01,Não
CUST-0340,58,Feminino,55,Anual,180.58,9931.9,Não
CUST-0341,50,Feminino,45,Mensal,144.71,6511.95,Sim
CUST-0342,57,Feminino,8,Mensal,129.88,1039.04,Sim
CUST-0343,56,Feminino,53,Bienal,67.31,3567.43,Não
CUST-0344,35,Masculino,55,Anual,140.85,7746.75,Não
CUST-0345,57,Feminino,32,Bienal,67.58,2162.56,Não
CUST-0346,18,Masculino,51,Bienal,100.58,5129.58,Não
CUST-0347,28,Feminino,44,Anual,71.43,3142.92,Não
CUST-0348,45,Masculino,70,Anual,153.81,10766.7,Não
CUST-0349,74,Feminino,18,Mensal,80.94,1456.92,Não
CUST-0350,42,Masculino,22,Mensal,108.78,2393.16,Não
CUST-0351,67,Masculino,37,Mensal,184.35,6820.95,Não
CUST-0352,40,Feminino,56,Anual,80.65,4516.4,Não
CUST-0353,48,Feminino,59,Anual,126.17,7444.03,Não
CUST-0354,47,Feminino,3,Bienal,112.89,338.67,Não
CUST-0355,59,Feminino,28,Mensal,52.72,1476.16,Não
CUST-0356,52,Masculino,35,Anual,168.91,5911.85,Não
CUST-0357,24,Feminino,61,Anual,60.36,3681.96,Não
CUST-0358,77,Masculino,54,Anual,121.14,6541.56,Não
CUST-0359,33,Masculino,63,Anual,134.1,8448.3,Não
CUST-0360,43,Feminino,7,Mensal,144.26,1009.82,Sim
CUST-0361,65,Masculino,49,Anual,153.29,7511.21,Não
CUST-0362,74,Masculino,31,Mensal,87.99,2727.69,Não
CUST-0363,69,Masculino,58,Mensal,51.5,2987.0,Sim
CUST-0364,77,Masculino,61,Mensal,158.52,9669.72,Não
CUST-0365,66,Feminino,24,Anual,130.35,3128.4,Não
CUST-0366,19,Feminino,20,Bienal,175.42,3508.4,Não
CUST-0367,18,Feminino,37,Anual,173.21,6408.77,Não
CUST-0368,65,Feminino,4,Anual,176.5,706.0,Não
CUST-0369,79,Masculino,20,Anual,122.76,2455.2,Não
CUST-0370,29,Masculino,60,Anual,100.04,6002.4,Não
CUST-0371,22,Feminino,24,Mensal,168.73,4049.52,Não
CUST-0372,54,Feminino,50,Mensal,117.69,5884.5,Não
CUST-0373,49,Feminino,49,Mensal,77.52,3798.48,Não
CUST-0374,76,Masculino,51,Mensal,178.25,9090.75,Não
CUST-0375,72,Feminino,36,Mensal,182.38,6565.68,Não
CUST-0376,26,Feminino,66,Mensal,119.95,7916.7,Não
CUST-0377,58,Feminino,34,Mensal,61.35,2085.9,Não
CUST-0378,52,Masculino,36,Bienal,108.17,3894.12,Não
CUST-0379,36,Masculino,6,Mensal,170.53,1023.18,Sim
CUST-0380,65,Masculino,39,Mensal,185.27,7225.53,Não
CUST-0381,33,Masculino,42,Mensal,80.52,3381.84,Sim
CUST-0382,20,Masculino,58,Anual,60.05,3482.9,Não
CUST-0383,37,Masculino,12,Mensal,181.6,2179.2,Não
CUST-0384,41,Masculino,3,Mensal,108.41,325.23,Sim
CUST-0385,71,Masculino,18,Anual,131.26,2362.68,Não
CUST-0386,73,Feminino,40,Mensal,195.21,7808.4,Não
CUST-0387,50,Feminino,21,Mensal,59.98,1259.58,Não
CUST-0388,41,Masculino,15,Mensal,147.25,2208.75,Não
CUST-0389,69,Masculino,26,Mensal,61.12,1589.12,Não
CUST-0390,28,Feminino,8,Mensal,106.32,850.56,Sim
CUST-0391,66,Masculino,42,Mensal,170.57,7163.94,Sim
CUST-0392,25,Masculino,44,Bienal,115.02,5060.88,Não
CUST-0393,53,Masculino,14,Anual,199.58,2794.12,Não
CUST-0394,55,Feminino,2,Anual,133.86,267.72,Não
CUST-0395,57,Feminino,37,Mensal,98.17,3632.29,Não
CUST-0396,37,Feminino,69,Bienal,83.02,5728.38,Não
CUST-0397,79,Feminino,38,Mensal,102.58,3898.04,Não
CUST-0398,52,Feminino,41,Mensal,105.88,4341.08,Não
CUST-0399,65,Masculino,62,Anual,60.31,3739.22,Não
CUST-0400,79,Feminino,60,Mensal,105.44,6326.4,Sim
CUST-0401,42,Masculino,14,Mensal,119.64,1674.96,Sim
CUST-0402,52,Masculino,2,Anual,158.41,316.82,Não
CUST-0403,42,Feminino,70,Bienal,148.51,10395.7,Não
CUST-0404,46,Feminino,17,Mensal,156.31,2657.27,Não
CUST-0405,35,Masculino,28,Anual,51.25,1435.0,Não
CUST-0406,63,Masculino,66,Bienal,82.65,5454.9,Não
CUST-0407,35,Masculino,35,Mensal,149.25,5223.75,Não
CUST-0408,19,Feminino,5,Mensal,122.6,613.0,Sim
CUST-0409,71,Feminino,65,Mensal,50.8,3302.0,Não
CUST-0410,52,Feminino,40,Mensal,170.67,6826.8,Não
CUST-0411,33,Feminino,56,Mensal,165.92,9291.52,Sim
CUST-0412,78,Feminino,36,Bienal,132.26,4761.36,Não
CUST-0413,58,Masculino,45,Anual,59.97,2698.65,Não
CUST-0414,53,Feminino,23,Anual,164.98,3794.54,Não
CUST-0415,50,Masculino,47,Mensal,137.56,6465.32,Não
CUST-0416,21,Masculino,31,Bienal,167.29,5185.99,Não
CUST-0417,50,Masculino,11,Bienal,162.76,1790.36,Sim
CUST-0418,31,Feminino,10,Bienal,170.45,1704.5,Não
CUST-0419,38,Feminino,67,Mensal,127.7,8555.9,Sim
CUST-0420,65,Feminino,14,Anual,71.05,994.7,Não
CUST-0421,37,Masculino,10,Mensal,150.67,1506.7,Sim
CUST-0422,73,Masculino,1,Mensal,143.07,143.07,Sim
CUST-0423,25,Masculino,5,Mensal,161.34,806.7,Sim
CUST-0424,24,Masculino,20,Anual,75.48,1509.6,Não
CUST-0425,20,Masculino,8,Anual,79.25,634.0,Não
CUST-0426,34,Masculino,43,Mensal,183.56,7893.08,Não
CUST-0427,50,Feminino,1,Mensal,162.5,162.5,Sim
CUST-0428,65,Feminino,57,Mensal,186.23,10615.11,Sim
CUST-0429,29,Feminino,64,Mensal,163.81,10483.84,Sim
CUST-0430,76,Feminino,28,Mensal,139.57,3907.96,Não
CUST-0431,68,Masculino,37,Mensal,148.12,5480.44,Não
CUST-0432,39,Masculino,47,Anual,183.37,8618.39,Não
CUST-0433,72,Feminino,37,Mensal,136.82,5062.34,Não
CUST-0434,39,Masculino,49,Mensal,144.86,7098.14,Sim
CUST-0435,63,Feminino,44,Mensal,73.47,3232.68,Sim
CUST-0436,47,Feminino,56,Bienal,121.09,6781.04,Não
CUST-0437,55,Feminino,28,Anual,157.46,4408.88,Não
CUST-0438,55,Masculino,6,Anual,90.64,543.84,Não
CUST-0439,62,Feminino,61,Mensal,80.34,4900.74,Não
CUST-0440,68,Feminino,20,Anual,97.07,1941.4,Não
CUST-0441,71,Feminino,2,Mensal,86.23,172.46,Sim
CUST-0442,25,Masculino,37,Anual,82.24,3042.88,Não
CUST-0443,44,Masculino,20,Bienal,113.73,2274.6,Não
CUST-0444,44,Feminino,26,Anual,186.18,4840.68,Não
CUST-0445,51,Masculino,29,Bienal,126.06,3655.74,Não
CUST-0446,38,Masculino,1,Anual,78.19,78.19,Não
CUST-0447,47,Masculino,35,Mensal,61.55,2154.25,Não
CUST-0448,50,Masculino,70,Bienal,154.42,10809.4,Não
CUST-0449,45,Masculino,59,Mensal,107.42,6337.78,Não
CUST-0450,64,Masculino,69,Anual,173.27,11955.63,Não
CUST-0451,50,Masculino,33,Mensal,148.93,4914.69,Não
CUST-0452,22,Masculino,51,Mensal,169.44,8641.44,Não
CUST-0453,77,Masculino,12,Mensal,90.79,1089.48,Não
CUST-0454,78,Masculino,20,Mensal,153.85,3077.0,Sim
CUST-0455,65,Feminino,53,Mensal,89.61,4749.33,Não
CUST-0456,36,Feminino,43,Anual,190.86,8206.98,Não
CUST-0457,21,Masculino,50,Mensal,145.46,7273.0,Não
CUST-0458,52,Feminino,29,Mensal,98.68,2861.72,Não
CUST-0459,66,Feminino,57,Anual,90.43,5154.51,Não
CUST-0460,34,Masculino,39,Mensal,78.64,3066.96,Não
CUST-0461,61,Masculino,56,Anual,154.2,8635.2,Não
CUST-0462,45,Masculino,43,Anual,82.81,3560.83,Não
CUST-0463,47,Feminino,50,Bienal,139.3,6965.0,Não
CUST-0464,46,Feminino,23,Anual,89.7,2063.1,Não
CUST-0465,63,Masculino,44,Mensal,149.3,6569.2,Não
CUST-0466,70,Masculino,38,Anual,172.24,6545.12,Não
CUST-0467,23,Masculino,23,Mensal,166.7,3834.1,Não
CUST-0468,52,Feminino,45,Mensal,164.13,7385.85,Não
CUST-0469,77,Feminino,52,Anual,78.16,4064.32,Não
CUST-0470,58,Feminino,50,Mensal,63.26,3163.0,Não
CUST-0471,54,Feminino,8,Anual,154.84,1238.72,Não
CUST-0472,41,Masculino,1,Bienal,105.25,105.25,Não
CUST-0473,46,Masculino,8,Bienal,114.85,918.8,Não
CUST-0474,66,Masculino,29,Bienal,54.67,1585.43,Não
CUST-0475,63,Masculino,5,Mensal,88.94,444.7,Sim
CUST-0476,70,Feminino,47,Mensal,55.05,2587.35,Sim
CUST-0477,48,Feminino,34,Anual,181.88,6183.92,Não
CUST-0478,52,Masculino,65,Mensal,86.51,5623.15,Sim
CUST-0479,77,Masculino,55,Anual,133.6,7348.0,Não
CUST-0480,50,Feminino,43,Anual,55.85,2401.55,Não
CUST-0481,69,Masculino,30,Anual,150.03,4500.9,Não
CUST-0482,78,Feminino,17,Mensal,98.45,1673.65,Não
CUST-0483,38,Masculino,26,Mensal,184.69,4801.94,Sim
CUST-0484,49,Masculino,8,Mensal,183.22,1465.76,Sim
CUST-0485,40,Masculino,47,Mensal,98.79,4643.13,Não
CUST-0486,50,Masculino,46,Bienal,185.14,8516.44,Não
CUST-0487,20,Masculino,68,Mensal,199.42,13560.56,Sim
CUST-0488,35,Masculino,33,Mensal,173.81,5735.73,Não
CUST-0489,42,Masculino,1,Mensal,176.73,176.73,Sim
CUST-0490,59,Feminino,19,Anual,87.35,1659.65,Não
CUST-0491,48,Feminino,31,Anual,136.51,4231.81,Não
CUST-0492,71,Feminino,14,Mensal,60.09,841.26,Não
CUST-0493,75,Feminino,53,Mensal,64.24,3404.72,Não
CUST-0494,20,Feminino,48,Mensal,199.83,9591.84,Não
CUST-0495,57,Masculino,69,Mensal,99.0,6831.0,Não
CUST-0496,63,Masculino,62,Anual,162.23,10058.26,Não
CUST-0497,41,Feminino,66,Anual,171.0,11286.0,Não
CUST-0498,67,Masculino,64,Mensal,178.7,11436.8,Sim
CUST-0499,49,Feminino,70,Mensal,199.64,13974.8,Não
CUST-0500,64,Feminino,63,Bienal,86.22,5431.86,Não
CUST-0501,39,Masculino,33,Mensal,56.05,1849.65,Não
CUST-0502,40,Masculino,41,Anual,111.68,4578.88,Não
CUST-0503,19,Masculino,48,Mensal,69.51,3336.48,Não
CUST-0504,44,Feminino,13,Mensal,53.36,693.68,Não
CUST-0505,59,Masculino,31,Mensal,104.06,3225.86,Não
CUST-0506,19,Feminino,68,Anual,167.56,11394.08,Não
CUST-0507,43,Feminino,4,Bienal,134.93,539.72,Não
CUST-0508,34,Feminino,19,Mensal,96.92,1841.48,Não
CUST-0509,57,Masculino,70,Mensal,148.15,10370.5,Não
CUST-0510,50,Masculino,13,Mensal,84.8,1102.4,Não
CUST-0511,26,Feminino,23,Mensal,52.16,1199.68,Não
CUST-0512,60,Masculino,1,Mensal,164.65,164.65,Sim
CUST-0513,71,Masculino,54,Mensal,143.56,7752.24,Sim
CUST-0514,65,Masculino,71,Anual,164.35,11668.85,Não
CUST-0515,56,Feminino,15,Mensal,55.84,837.6,Não
CUST-0516,46,Feminino,65,Mensal,175.57,11412.05,Não
CUST-0517,59,Masculino,71,Bienal,142.93,10148.03,Não
CUST-0518,72,Feminino,15,Mensal,134.51,2017.65,Não
CUST-0519,43,Masculino,21,Bienal,143.69,3017.49,Não
CUST-0520,52,Masculino,19,Mensal,179.66,3413.54,Não
CUST-0521,67,Masculino,60,Bienal,138.04,8282.4,Não
CUST-0522,42,Masculino,33,Anual,137.14,4525.62,Não
CUST-0523,41,Feminino,49,Bienal,198.6,9731.4,Não
CUST-0524,30,Feminino,35,Bienal,163.51,5722.85,Não
CUST-0525,77,Feminino,44,Mensal,116.34,5118.96,Sim
CUST-0526,75,Masculino,11,Bienal,156.11,1717.21,Não
CUST-0527,24,Masculino,66,Mensal,108.38,7153.08,Não
CUST-0528,74,Masculino,46,Mensal,84.33,3879.18,Não
CUST-0529,53,Feminino,9,Mensal,139.53,1255.77,Sim
CUST-0530,62,Masculino,3,Anual,189.23,567.69,Sim
CUST-0531,37,Feminino,26,Mensal,189.37,4923.62,Não
CUST-0532,18,Feminino,48,Anual,101.29,4861.92,Não
CUST-0533,25,Feminino,66,Anual,129.15,8523.9,Não
CUST-0534,63,Feminino,70,Anual,81.75,5722.5,Não
CUST-0535,33,Feminino,28,Bienal,199.34,5581.52,Não
CUST-0536,31,Feminino,26,Mensal,197.17,5126.42,Não
CUST-0537,29,Masculino,25,Mensal,147.43,3685.75,Sim
CUST-0538,68,Masculino,12,Mensal,170.66,2047.92,Não
CUST-0539,40,Feminino,5,Mensal,157.27,786.35,Sim
CUST-0540,32,Feminino,48,Mensal,138.97,6670.56,Não
CUST-0541,45,Masculino,37,Mensal,58.0,2146.0,Não
CUST-0542,51,Feminino,44,Mensal,118.21,5201.24,Não
CUST-0543,19,Feminino,15,Bienal,151.22,2268.3,Não
CUST-0544,49,Masculino,43,Anual,151.63,6520.09,Não
CUST-0545,40,Feminino,48,Mensal,105.97,5086.56,Sim
CUST-0546,39,Feminino,70,Anual,191.25,13387.5,Não
CUST-0547,68,Feminino,46,Mensal,75.1,3454.6,Não
CUST-0548,42,Masculino,43,Mensal,125.05,5377.15,Não
CUST-0549,75,Masculino,21,Anual,153.63,3226.23,Não
CUST-0550,79,Masculino,23,Mensal,154.57,3555.11,Não
CUST-0551,78,Feminino,47,Mensal,147.3,6923.1,Não
CUST-0552,39,Feminino,15,Bienal,91.29,1369.35,Não
CUST-0553,75,Masculino,25,Bienal,73.43,1835.75,Não
CUST-0554,75,Feminino,36,Anual,145.39,5234.04,Não
CUST-0555,39,Feminino,51,Anual,139.9,7134.9,Não
CUST-0556,66,Feminino,15,Anual,76.9,1153.5,Não
CUST-0557,69,Feminino,68,Mensal,155.77,10592.36,Não
CUST-0558,59,Feminino,21,Mensal,118.28,2483.88,Não
CUST-0559,23,Masculino,13,Mensal,150.16,1952.08,Não
CUST-0560,32,Feminino,19,Mensal,175.61,3336.59,Sim
CUST-0561,71,Masculino,34,Anual,75.46,2565.64,Não
CUST-0562,60,Feminino,68,Mensal,52.87,3595.16,Sim
CUST-0563,77,Masculino,52,Bienal,166.87,8677.24,Não
CUST-0564,54,Feminino,27,Bienal,141.45,3819.15,Não
CUST-0565,50,Masculino,29,Anual,154.95,4493.55,Não
CUST-0566,25,Feminino,28,Anual,175.72,4920.16,Não
CUST-0567,70,Masculino,35,Bienal,170.42,5964.7,Não
CUST-0568,77,Feminino,8,Mensal,194.14,1553.12,Sim
CUST-0569,61,Masculino,16,Anual,130.39,2086.24,Não
CUST-0570,61,Feminino,36,Mensal,123.27,4437.72,Não
CUST-0571,22,Masculino,30,Anual,110.28,3308.4,Não
CUST-0572,56,Masculino,18,Mensal,73.05,1314.9,Não
CUST-0573,21,Feminino,2,Bienal,135.89,271.78,Não
CUST-0574,23,Feminino,49,Bienal,91.55,4485.95,Não
CUST-0575,62,Masculino,4,Mensal,188.2,752.8,Sim
CUST-0576,49,Feminino,7,Mensal,137.48,962.36,Não
CUST-0577,69,Masculino,39,Bienal,138.93,5418.27,Não
CUST-0578,47,Masculino,13,Mensal,103.24,1342.12,Não
CUST-0579,64,Masculino,31,Bienal,57.8,1791.8,Não
CUST-0580,52,Feminino,71,Anual,54.76,3887.96,Não
CUST-0581,72,Masculino,63,Mensal,113.5,7150.5,Não
CUST-0582,57,Masculino,56,Mensal,62.68,3510.08,Não
CUST-0583,69,Feminino,42,Mensal,141.03,5923.26,Não
CUST-0584,33,Feminino,61,Anual,182.15,11111.15,Não
CUST-0585,30,Feminino,42,Mensal,182.44,7662.48,Sim
CUST-0586,67,Feminino,56,Anual,148.86,8336.16,Não
CUST-0587,77,Masculino,36,Mensal,81.68,2940.48,Não
CUST-0588,59,Masculino,68,Anual,179.45,12202.6,Não
CUST-0589,47,Masculino,7,Bienal,182.91,1280.37,Não
CUST-0590,36,Masculino,54,Bienal,79.5,4293.0,Não
CUST-0591,34,Feminino,1,Mensal,160.61,160.61,Sim
CUST-0592,73,Masculino,44,Bienal,92.98,4091.12,Não
CUST-0593,36,Masculino,45,Anual,170.4,7668.0,Não
CUST-0594,45,Feminino,47,Anual,199.59,9380.73,Não
CUST-0595,75,Masculino,13,Bienal,54.5,708.5,Não
CUST-0596,72,Masculino,22,Mensal,184.6,4061.2,Não
CUST-0597,43,Masculino,21,Mensal,143.39,3011.19,Não
CUST-0598,54,Masculino,9,Bienal,196.01,1764.09,Não
CUST-0599,43,Masculino,26,Mensal,119.75,3113.5,Não
CUST-0600,70,Masculino,9,Bienal,177.11,1593.99,Não
CUST-0601,79,Feminino,15,Bienal,59.36,890.4,Não
CUST-0602,40,Feminino,10,Mensal,100.29,1002.9,Não
CUST-0603,26,Masculino,42,Bienal,60.05,2522.1,Não
CUST-0604,29,Masculino,24,Mensal,196.3,4711.2,Não
CUST-0605,70,Feminino,49,Anual,172.55,8454.95,Não
CUST-0606,18,Masculino,26,Anual,177.88,4624.88,Não
CUST-0607,75,Masculino,37,Bienal,190.69,7055.53,Não
CUST-0608,75,Masculino,68,Mensal,62.77,4268.36,Não
CUST-0609,18,Feminino,50,Mensal,107.84,5392.0,Sim
CUST-0610,64,Masculino,24,Anual,60.66,1455.84,Não
CUST-0611,51,Feminino,19,Anual,81.62,1550.78,Não
CUST-0612,49,Masculino,60,Anual,84.4,5064.0,Não
CUST-0613,79,Feminino,39,Mensal,120.37,4694.43,Não
CUST-0614,71,Feminino,18,Mensal,90.28,1625.04,Sim
CUST-0615,65,Masculino,19,Mensal,65.15,1237.85,Não
CUST-0616,42,Feminino,36,Bienal,75.12,2704.32,Não
CUST-0617,57,Masculino,55,Mensal,72.09,3964.95,Não
CUST-0618,62,Feminino,69,Mensal,195.96,13521.24,Sim
CUST-0619,70,Masculino,47,Bienal,163.89,7702.83,Não
CUST-0620,18,Masculino,49,Mensal,195.16,9562.84,Sim
CUST-0621,33,Feminino,33,Bienal,115.96,3826.68,Não
CUST-0622,78,Masculino,21,Anual,91.76,1926.96,Não
CUST-0623,56,Masculino,22,Bienal,169.74,3734.28,Não
CUST-0624,22,Feminino,48,Mensal,98.94,4749.12,Não
CUST-0625,39,Masculino,37,Mensal,94.91,3511.67,Não
CUST-0626,46,Masculino,15,Anual,84.88,1273.2,Não
CUST-0627,72,Feminino,35,Bienal,69.45,2430.75,Não
CUST-0628,20,Feminino,71,Anual,88.47,6281.37,Não
CUST-0629,29,Masculino,32,Mensal,103.3,3305.6,Não
CUST-0630,43,Masculino,11,Anual,151.1,1662.1,Não
CUST-0631,33,Feminino,10,Anual,59.38,593.8,Não
CUST-0632,68,Feminino,57,Anual,81.58,4650.06,Não
CUST-0633,54,Masculino,25,Anual,171.35,4283.75,Não
CUST-0634,39,Feminino,2,Bienal,72.04,144.08,Não
CUST-0635,74,Masculino,64,Anual,101.4,6489.6,Não
CUST-0636,46,Masculino,35,Mensal,179.7,6289.5,Não
CUST-0637,31,Masculino,7,Mensal,73.24,512.68,Sim
CUST-0638,45,Masculino,18,Mensal,62.41,1123.38,Não
CUST-0639,22,Masculino,67,Mensal,122.68,8219.56,Não
CUST-0640,64,Feminino,42,Mensal,95.36,4005.12,Não
CUST-0641,66,Feminino,39,Mensal,134.51,5245.89,Sim
CUST-0642,47,Feminino,41,Mensal,170.57,6993.37,Sim
CUST-0643,63,Feminino,24,Mensal,70.57,1693.68,Não
CUST-0644,79,Masculino,60,Bienal,137.1,8226.0,Não
CUST-0645,69,Masculino,46,Bienal,125.83,5788.18,Não
CUST-0646,22,Masculino,19,Mensal,71.61,1360.59,Não
CUST-0647,29,Masculino,68,Bienal,143.6,9764.8,Não
CUST-0648,33,Feminino,42,Anual,91.05,3824.1,Não
CUST-0649,43,Masculino,32,Mensal,123.18,3941.76,Não
CUST-0650,43,Masculino,39,Mensal,62.34,2431.26,Sim
CUST-0651,65,Feminino,36,Anual,118.94,4281.84,Não
CUST-0652,38,Feminino,36,Anual,95.97,3454.92,Não
CUST-0653,56,Feminino,3,Anual,173.36,520.08,Não
CUST-0654,53,Feminino,8,Mensal,58.55,468.4,Sim
CUST-0655,50,Masculino,70,Mensal,112.79,7895.3,Não
CUST-0656,79,Masculino,41,Mensal,118.76,4869.16,Não
CUST-0657,47,Feminino,68,Mensal,158.75,10795.0,Sim
CUST-0658,54,Masculino,13,Mensal,136.14,1769.82,Não
CUST-0659,40,Masculino,49,Mensal,150.08,7353.92,Não
CUST-0660,75,Masculino,60,Bienal,166.56,9993.6,Não
CUST-0661,27,Feminino,2,Bienal,179.33,358.66,Sim
CUST-0662,71,Masculino,60,Mensal,97.08,5824.8,Não
CUST-0663,22,Feminino,5,Bienal,130.7,653.5,Não
CUST-0664,53,Masculino,44,Mensal,176.02,7744.88,Não
CUST-0665,51,Masculino,27,Mensal,198.42,5357.34,Sim
CUST-0666,69,Masculino,32,Mensal,183.43,5869.76,Sim
CUST-0667,48,Feminino,21,Anual,105.72,2220.12,Não
CUST-0668,27,Masculino,8,Bienal,79.27,634.16,Não
CUST-0669,75,Feminino,50,Anual,123.41,6170.5,Não
CUST-0670,36,Feminino,67,Mensal,161.25,10803.75,Sim
CUST-0671,75,Feminino,44,Anual,123.89,5451.16,Não
CUST-0672,49,Masculino,58,Mensal,122.48,7103.84,Sim
CUST-0673,18,Masculino,3,Bienal,175.73,527.19,Não
CUST-0674,73,Masculino,70,Anual,104.21,7294.7,Não
CUST-0675,22,Masculino,2,Mensal,178.97,357.94,Sim
CUST-0676,62,Feminino,44,Anual,111.02,4884.88,Não
CUST-0677,21,Feminino,2,Anual,99.23,198.46,Não
CUST-0678,33,Feminino,35,Mensal,118.1,4133.5,Não
CUST-0679,41,Masculino,30,Anual,164.37,4931.1,Não
CUST-0680,33,Feminino,8,Mensal,68.9,551.2,Sim
CUST-0681,72,Masculino,22,Anual,79.46,1748.12,Não
CUST-0682,19,Feminino,44,Bienal,192.72,8479.68,Não
CUST-0683,66,Masculino,58,Bienal,76.32,4426.56,Não
CUST-0684,45,Masculino,36,Anual,135.16,4865.76,Não
CUST-0685,49,Feminino,69,Anual,136.9,9446.1,Não
CUST-0686,44,Feminino,31,Mensal,123.44,3826.64,Não
CUST-0687,37,Feminino,47,Anual,146.71,6895.37,Não
CUST-0688,41,Feminino,55,Mensal,84.47,4645.85,Não
CUST-0689,29,Masculino,62,Mensal,132.9,8239.8,Não
CUST-0690,67,Feminino,30,Mensal,105.83,3174.9,Não
CUST-0691,52,Feminino,55,Mensal,149.25,8208.75,Não
CUST-0692,77,Feminino,16,Anual,71.18,1138.88,Não
CUST-0693,50,Masculino,12,Mensal,135.63,1627.56,Sim
CUST-0694,50,Masculino,17,Anual,77.79,1322.43,Não
CUST-0695,78,Feminino,16,Mensal,91.8,1468.8,Não
CUST-0696,68,Masculino,12,Mensal,82.81,993.72,Sim
CUST-0697,60,Feminino,8,Anual,77.43,619.44,Não
CUST-0698,54,Masculino,3,Mensal,173.86,521.58,Sim
CUST-0699,29,Masculino,16,Mensal,92.86,1485.76,Não
CUST-0700,20,Masculino,30,Anual,189.07,5672.1,Não
CUST-0701,18,Masculino,23,Mensal,195.49,4496.27,Não
CUST-0702,50,Feminino,5,Bienal,135.69,678.45,Não
CUST-0703,57,Feminino,65,Mensal,71.45,4644.25,Não
CUST-0704,27,Feminino,30,Mensal,106.18,3185.4,Não
CUST-0705,60,Masculino,21,Anual,169.66,3562.86,Não
CUST-0706,61,Feminino,70,Mensal,105.11,7357.7,Não
CUST-0707,46,Feminino,22,Mensal,63.05,1387.1,Não
CUST-0708,30,Feminino,32,Mensal,133.52,4272.64,Sim
CUST-0709,29,Masculino,33,Mensal,176.77,5833.41,Sim
CUST-0710,48,Masculino,16,Bienal,169.39,2710.24,Não
CUST-0711,63,Masculino,38,Mensal,76.27,2898.26,Sim
CUST-0712,19,Feminino,14,Anual,150.91,2112.74,Não
CUST-0713,78,Feminino,36,Bienal,83.08,2990.88,Não
CUST-0714,68,Feminino,23,Mensal,82.73,1902.79,Não
CUST-0715,67,Masculino,66,Bienal,181.11,11953.26,Não
CUST-0716,52,Masculino,2,Mensal,87.45,174.9,Sim
CUST-0717,40,Feminino,65,Bienal,89.49,5816.85,Não
CUST-0718,34,Masculino,67,Mensal,50.1,3356.7,Não
CUST-0719,43,Masculino,52,Anual,180.6,9391.2,Não
CUST-0720,25,Masculino,62,Mensal,168.89,10471.18,Sim
CUST-0721,46,Masculino,23,Mensal,144.1,3314.3,Não
CUST-0722,43,Feminino,26,Anual,162.54,4226.04,Não
CUST-0723,27,Masculino,68,Anual,72.81,4951.08,Não
CUST-0724,43,Masculino,55,Mensal,118.75,6531.25,Sim
CUST-0725,79,Masculino,6,Mensal,102.68,616.08,Sim
CUST-0726,51,Masculino,35,Anual,64.07,2242.45,Não
CUST-0727,68,Feminino,22,Anual,122.92,2704.24,Não
CUST-0728,58,Feminino,43,Bienal,188.11,8088.73,Não
CUST-0729,24,Masculino,15,Anual,56.01,840.15,Não
CUST-0730,21,Masculino,60,Bienal,93.72,5623.2,Não
CUST-0731,75,Masculino,12,Anual,81.13,973.56,Não
CUST-0732,70,Masculino,49,Mensal,85.72,4200.28,Sim
CUST-0733,67,Masculino,42,Mensal,186.27,7823.34,Não
CUST-0734,62,Masculino,38,Anual,120.21,4567.98,Não
CUST-0735,28,Feminino,45,Anual,119.94,5397.3,Não
CUST-0736,46,Masculino,35,Mensal,164.09,5743.15,Sim
CUST-0737,73,Feminino,30,Mensal,73.17,2195.1,Não
CUST-0738,53,Feminino,30,Bienal,123.09,3692.7,Não
CUST-0739,42,Masculino,6,Anual,114.5,687.0,Não
CUST-0740,38,Feminino,67,Mensal,139.54,9349.18,Sim
CUST-0741,78,Feminino,7,Mensal,199.93,1399.51,Sim
CUST-0742,74,Feminino,52,Mensal,165.42,8601.84,Não
CUST-0743,53,Feminino,14,Mensal,109.68,1535.52,Não
CUST-0744,27,Feminino,15,Mensal,174.13,2611.95,Não
CUST-0745,54,Feminino,21,Mensal,75.61,1587.81,Sim
CUST-0746,26,Masculino,35,Anual,54.57,1909.95,Não
CUST-0747,41,Feminino,66,Mensal,80.67,5324.22,Não
CUST-0748,52,Feminino,2,Bienal,101.06,202.12,Não
CUST-0749,66,Feminino,35,Bienal,126.59,4430.65,Não
CUST-0750,52,Masculino,20,Mensal,142.27,2845.4,Não
CUST-0751,65,Feminino,10,Anual,186.59,1865.9,Não
CUST-0752,53,Masculino,25,Mensal,126.48,3162.0,Não
CUST-0753,35,Feminino,66,Bienal,125.19,8262.54,Não
CUST-0754,66,Masculino,25,Mensal,57.54,1438.5,Não
CUST-0755,56,Masculino,54,Anual,55.24,2982.96,Não
CUST-0756,49,Feminino,33,Anual,132.67,4378.11,Não
CUST-0757,41,Feminino,36,Mensal,115.73,4166.28,Não
CUST-0758,40,Masculino,14,Mensal,175.88,2462.32,Não
CUST-0759,79,Feminino,65,Anual,74.1,4816.5,Não
CUST-0760,49,Masculino,54,Anual,53.75,2902.5,Não
CUST-0761,54,Masculino,52,Mensal,117.36,6102.72,Não
CUST-0762,29,Masculino,3,Anual,85.62,256.86,Não
CUST-0763,66,Masculino,41,Mensal,57.44,2355.04,Sim
CUST-0764,72,Masculino,6,Anual,158.69,952.14,Não
CUST-0765,30,Feminino,25,Mensal,66.74,1668.5,Não
CUST-0766,40,Masculino,13,Bienal,141.25,1836.25,Não
CUST-0767,42,Masculino,8,Mensal,92.16,737.28,Sim
CUST-0768,52,Feminino,21,Mensal,76.02,1596.42,Não
CUST-0769,58,Masculino,68,Mensal,106.96,7273.28,Sim
CUST-0770,47,Feminino,25,Mensal,170.22,4255.5,Sim
CUST-0771,34,Feminino,68,Anual,108.81,7399.08,Não
CUST-0772,66,Feminino,45,Mensal,162.62,7317.9,Não
CUST-0773,79,Masculino,60,Bienal,68.82,4129.2,Não
CUST-0774,37,Masculino,12,Mensal,165.92,1991.04,Sim
CUST-0775,65,Masculino,32,Mensal,85.54,2737.28,Não
CUST-0776,42,Feminino,13,Mensal,151.61,1970.93,Sim
CUST-0777,39,Masculino,31,Mensal,134.87,4180.97,Não
CUST-0778,30,Feminino,20,Mensal,189.37,3787.4,Não
CUST-0779,76,Masculino,18,Mensal,108.1,1945.8,Não
CUST-0780,36,Feminino,60,Mensal,59.92,3595.2,Não
CUST-0781,66,Masculino,63,Mensal,52.87,3330.81,Sim
CUST-0782,53,Masculino,6,Anual,174.03,1044.18,Não
CUST-0783,29,Masculino,32,Anual,128.71,4118.72,Não
CUST-0784,78,Feminino,43,Mensal,166.29,7150.47,Não
CUST-0785,58,Feminino,2,Mensal,85.16,170.32,Sim
CUST-0786,36,Masculino,60,Bienal,101.76,6105.6,Não
CUST-0787,29,Masculino,23,Anual,54.52,1253.96,Não
CUST-0788,26,Feminino,31,Anual,194.22,6020.82,Não
CUST-0789,24,Feminino,5,Mensal,150.18,750.9,Sim
CUST-0790,45,Feminino,34,Anual,189.98,6459.32,Não
CUST-0791,31,Masculino,10,Anual,89.82,898.2,Não
CUST-0792,48,Feminino,2,Anual,141.72,283.44,Não
CUST-0793,69,Masculino,11,Bienal,151.77,1669.47,Não
CUST-0794,36,Feminino,50,Mensal,97.63,4881.5,Não
CUST-0795,75,Masculino,31,Mensal,177.22,5493.82,Sim
CUST-0796,64,Feminino,56,Anual,192.07,10755.92,Não
CUST-0797,33,Feminino,9,Bienal,182.73,1644.57,Não
CUST-0798,70,Feminino,21,Mensal,160.86,3378.06,Sim
CUST-0799,22,Feminino,28,Mensal,91.62,2565.36,Não
CUST-0800,52,Feminino,62,Mensal,92.24,5718.88,Sim
CUST-0801,29,Masculino,7,Mensal,194.5,1361.5,Sim
CUST-0802,42,Feminino,16,Anual,51.54,824.64,Não
CUST-0803,69,Feminino,4,Anual,157.41,629.64,Não
CUST-0804,76,Feminino,4,Mensal,155.94,623.76,Sim
CUST-0805,38,Masculino,40,Mensal,143.4,5736.0,Sim
CUST-0806,53,Feminino,17,Mensal,198.52,3374.84,Sim
CUST-0807,70,Masculino,52,Mensal,96.78,5032.56,Não
CUST-0808,40,Feminino,52,Anual,101.0,5252.0,Não
CUST-0809,33,Feminino,36,Bienal,61.84,2226.24,Não
CUST-0810,74,Masculino,38,Bienal,116.42,4423.96,Não
CUST-0811,56,Feminino,50,Mensal,89.16,4458.0,Sim
CUST-0812,62,Masculino,63,Bienal,101.51,6395.13,Não
CUST-0813,70,Masculino,63,Anual,175.19,11036.97,Não
CUST-0814,59,Feminino,62,Anual,190.32,11799.84,Não
CUST-0815,75,Masculino,7,Mensal,77.86,545.02,Sim
CUST-0816,56,Feminino,27,Mensal,105.88,2858.76,Não
CUST-0817,31,Feminino,14,Mensal,189.29,2650.06,Não
CUST-0818,48,Masculino,71,Mensal,59.27,4208.17,Sim
CUST-0819,75,Masculino,5,Mensal,63.85,319.25,Sim
CUST-0820,22,Masculino,55,Mensal,74.42,4093.1,Não
CUST-0821,52,Masculino,2,Mensal,139.28,278.56,Não
CUST-0822,40,Feminino,62,Anual,72.57,4499.34,Não
CUST-0823,46,Feminino,21,Mensal,195.21,4099.41,Não
CUST-0824,60,Masculino,21,Mensal,117.01,2457.21,Não
CUST-0825,28,Feminino,10,Bienal,125.23,1252.3,Não
CUST-0826,35,Feminino,58,Bienal,87.0,5046.0,Não
CUST-0827,64,Feminino,39,Anual,120.64,4704.96,Não
CUST-0828,29,Feminino,5,Bienal,149.29,746.45,Não
CUST-0829,26,Masculino,65,Anual,162.68,10574.2,Não
CUST-0830,27,Masculino,13,Bienal,163.08,2120.04,Não
CUST-0831,75,Feminino,53,Mensal,136.68,7244.04,Não
CUST-0832,61,Masculino,45,Mensal,185.65,8354.25,Sim
CUST-0833,34,Masculino,32,Mensal,172.61,5523.52,Não
CUST-0834,78,Masculino,36,Mensal,163.56,5888.16,Não
CUST-0835,55,Feminino,60,Mensal,58.34,3500.4,Sim
CUST-0836,24,Feminino,11,Anual,51.03,561.33,Não
CUST-0837,63,Feminino,63,Anual,81.87,5157.81,Não
CUST-0838,30,Masculino,21,Anual,149.53,3140.13,Não
CUST-0839,57,Feminino,52,Mensal,111.68,5807.36,Não
CUST-0840,59,Feminino,55,Bienal,110.36,6069.8,Não
CUST-0841,26,Masculino,26,Anual,182.69,4749.94,Não
CUST-0842,67,Feminino,68,Mensal,184.33,12534.44,Não
CUST-0843,44,Feminino,34,Anual,186.38,6336.92,Não
CUST-0844,75,Masculino,52,Mensal,97.08,5048.16,Não
CUST-0845,19,Masculino,52,Mensal,153.66,7990.32,Sim
CUST-0846,22,Masculino,29,Bienal,90.74,2631.46,Não
CUST-0847,46,Feminino,38,Mensal,78.59,2986.42,Sim
CUST-0848,54,Feminino,42,Mensal,77.69,3262.98,Não
CUST-0849,55,Feminino,21,Bienal,101.32,2127.72,Não
CUST-0850,36,Masculino,42,Anual,114.49,4808.58,Não
CUST-0851,25,Masculino,13,Mensal,174.64,2270.32,Sim
CUST-0852,65,Feminino,64,Mensal,67.98,4350.72,Não
CUST-0853,62,Feminino,17,Mensal,160.24,2724.08,Sim
CUST-0854,18,Masculino,9,Anual,129.72,1167.48,Não
CUST-0855,39,Masculino,41,Mensal,93.19,3820.79,Não
CUST-0856,69,Masculino,1,Mensal,123.92,123.92,Sim
CUST-0857,34,Masculino,2,Bienal,94.99,189.98,Não
CUST-0858,24,Feminino,60,Anual,139.41,8364.6,Não
CUST-0859,42,Masculino,48,Mensal,115.08,5523.84,Não
CUST-0860,62,Feminino,29,Anual,74.66,2165.14,Não
CUST-0861,21,Feminino,10,Anual,67.49,674.9,Não
CUST-0862,53,Feminino,58,Mensal,132.0,7656.0,Não
CUST-0863,23,Masculino,60,Mensal,185.36,11121.6,Não
CUST-0864,77,Masculino,21,Bienal,101.59,2133.39,Não
CUST-0865,48,Masculino,28,Mensal,159.95,4478.6,Sim
CUST-0866,36,Masculino,34,Anual,148.8,5059.2,Não
CUST-0867,78,Feminino,8,Mensal,189.73,1517.84,Sim
CUST-0868,61,Masculino,59,Mensal,173.15,10215.85,Não
CUST-0869,71,Masculino,49,Mensal,134.99,6614.51,Não
CUST-0870,56,Feminino,17,Mensal,148.55,2525.35,Não
CUST-0871,44,Masculino,60,Mensal,184.76,11085.6,Não
CUST-0872,27,Feminino,45,Mensal,109.93,4946.85,Não
CUST-0873,43,Feminino,69,Bienal,99.02,6832.38,Não
CUST-0874,36,Feminino,32,Bienal,51.62,1651.84,Não
CUST-0875,56,Feminino,44,Anual,173.98,7655.12,Não
CUST-0876,79,Feminino,65,Bienal,170.15,11059.75,Não
CUST-0877,20,Feminino,8,Mensal,65.67,525.36,Sim
CUST-0878,62,Feminino,43,Bienal,136.53,5870.79,Não
CUST-0879,30,Feminino,1,Mensal,119.6,119.6,Sim
CUST-0880,67,Masculino,51,Bienal,67.81,3458.31,Não
CUST-0881,45,Masculino,24,Bienal,197.09,4730.16,Não
CUST-0882,79,Masculino,24,Anual,82.2,1972.8,Não
CUST-0883,75,Masculino,17,Bienal,60.09,1021.53,Não
CUST-0884,37,Feminino,5,Anual,139.23,696.15,Não
CUST-0885,45,Masculino,20,Mensal,160.83,3216.6,Não
CUST-0886,25,Feminino,21,Mensal,54.87,1152.27,Não
CUST-0887,78,Masculino,58,Anual,148.81,8630.98,Não
CUST-0888,58,Masculino,31,Mensal,129.84,4025.04,Não
CUST-0889,56,Masculino,11,Anual,65.49,720.39,Não
CUST-0890,18,Feminino,52,Bienal,75.88,3945.76,Não
CUST-0891,20,Masculino,15,Mensal,135.2,2028.0,Não
CUST-0892,30,Feminino,7,Anual,94.45,661.15,Não
CUST-0893,45,Feminino,28,Bienal,190.75,5341.0,Não
CUST-0894,79,Masculino,51,Bienal,172.81,8813.31,Não
CUST-0895,74,Masculino,58,Bienal,197.54,11457.32,Não
CUST-0896,77,Masculino,5,Anual,88.95,444.75,Não
CUST-0897,66,Feminino,5,Bienal,195.46,977.3,Não
CUST-0898,42,Masculino,8,Anual,114.69,917.52,Não
CUST-0899,73,Feminino,64,Mensal,102.13,6536.32,Sim
CUST-0900,50,Feminino,10,Mensal,57.55,575.5,Não
CUST-0901,55,Masculino,38,Anual,57.91,2200.58,Não
CUST-0902,70,Masculino,8,Mensal,153.8,1230.4,Sim
CUST-0903,23,Feminino,25,Anual,118.69,2967.25,Não
CUST-0904,75,Feminino,66,Anual,83.98,5542.68,Não
CUST-0905,61,Feminino,50,Mensal,142.1,7105.0,Não
CUST-0906,62,Masculino,67,Anual,87.93,5891.31,Não
CUST-0907,49,Feminino,49,Anual,136.64,6695.36,Não
CUST-0908,62,Masculino,36,Mensal,103.88,3739.68,Sim
CUST-0909,78,Feminino,68,Mensal,173.53,11800.04,Sim
CUST-0910,64,Feminino,41,Mensal,173.1,7097.1,Sim
CUST-0911,38,Masculino,62,Mensal,121.6,7539.2,Não
CUST-0912,33,Feminino,10,Bienal,102.62,1026.2,Não
CUST-0913,71,Masculino,21,Mensal,104.38,2191.98,Não
CUST-0914,38,Masculino,36,Anual,170.86,6150.96,Não
CUST-0915,28,Feminino,12,Mensal,99.23,1190.76,Não
CUST-0916,77,Masculino,2,Mensal,81.36,162.72,Sim
CUST-0917,54,Masculino,13,Bienal,62.7,815.1,Não
CUST-0918,53,Feminino,53,Anual,120.0,6360.0,Não
CUST-0919,52,Masculino,32,Mensal,122.32,3914.24,Não
CUST-0920,36,Masculino,16,Mensal,176.14,2818.24,Não
CUST-0921,37,Masculino,32,Mensal,83.19,2662.08,Não
CUST-0922,74,Feminino,32,Mensal,107.15,3428.8,Sim
CUST-0923,35,Masculino,11,Anual,171.26,1883.86,Não
CUST-0924,64,Feminino,10,Mensal,173.54,1735.4,Sim
CUST-0925,58,Feminino,15,Mensal,107.69,1615.35,Não
CUST-0926,66,Masculino,17,Mensal,118.87,2020.79,Não
CUST-0927,31,Masculino,40,Bienal,95.49,3819.6,Não
CUST-0928,32,Masculino,18,Bienal,189.88,3417.84,Não
CUST-0929,48,Feminino,55,Mensal,67.8,3729.0,Não
CUST-0930,18,Masculino,25,Anual,190.06,4751.5,Não
CUST-0931,70,Masculino,59,Mensal,152.58,9002.22,Não
CUST-0932,71,Masculino,22,Mensal,129.74,2854.28,Sim
CUST-0933,71,Masculino,30,Anual,54.9,1647.0,Não
CUST-0934,20,Masculino,44,Bienal,121.34,5338.96,Não
CUST-0935,33,Feminino,32,Bienal,111.16,3557.12,Não
CUST-0936,40,Feminino,51,Anual,74.18,3783.18,Não
CUST-0937,74,Masculino,46,Mensal,148.46,6829.16,Não
CUST-0938,28,Masculino,21,Anual,195.67,4109.07,Não
CUST-0939,29,Masculino,32,Mensal,134.33,4298.56,Não
CUST-0940,27,Masculino,39,Anual,157.21,6131.19,Não
CUST-0941,49,Feminino,12,Mensal,60.27,723.24,Não
CUST-0942,33,Masculino,47,Anual,112.65,5294.55,Não
CUST-0943,25,Feminino,18,Mensal,67.45,1214.1,Não
CUST-0944,55,Feminino,21,Mensal,141.92,2980.32,Sim
CUST-0945,29,Masculino,13,Bienal,190.77,2480.01,Não
CUST-0946,41,Feminino,21,Mensal,149.27,3134.67,Não
CUST-0947,45,Feminino,8,Anual,61.52,492.16,Não
CUST-0948,70,Feminino,46,Mensal,103.2,4747.2,Não
CUST-0949,25,Feminino,7,Mensal,132.6,928.2,Sim
CUST-0950,75,Masculino,23,Mensal,110.48,2541.04,Sim
CUST-0951,45,Masculino,22,Mensal,175.05,3851.1,Sim
CUST-0952,53,Feminino,22,Bienal,172.2,3788.4,Não
CUST-0953,43,Masculino,29,Mensal,141.77,4111.33,Sim
CUST-0954,25,Masculino,13,Bienal,106.02,1378.26,Não
CUST-0955,75,Masculino,2,Anual,88.3,176.6,Não
CUST-0956,77,Masculino,29,Mensal,65.88,1910.52,Não
CUST-0957,67,Masculino,52,Anual,103.23,5367.96,Não
CUST-0958,45,Feminino,27,Anual,111.98,3023.46,Não
CUST-0959,45,Masculino,50,Anual,151.37,7568.5,Não
CUST-0960,54,Masculino,23,Mensal,148.72,3420.56,Não
CUST-0961,58,Masculino,44,Mensal,60.52,2662.88,Sim
CUST-0962,53,Masculino,22,Bienal,109.29,2404.38,Não
CUST-0963,44,Feminino,43,Bienal,77.27,3322.61,Não
CUST-0964,71,Feminino,37,Bienal,73.52,2720.24,Não
CUST-0965,34,Feminino,61,Mensal,174.1,10620.1,Não
CUST-0966,26,Feminino,56,Anual,56.29,3152.24,Não
CUST-0967,50,Masculino,3,Mensal,112.88,338.64,Sim
CUST-0968,70,Feminino,63,Mensal,75.23,4739.49,Não
CUST-0969,37,Masculino,19,Mensal,181.9,3456.1,Sim
CUST-0970,30,Masculino,23,Anual,133.56,3071.88,Não
CUST-0971,45,Masculino,29,Mensal,84.71,2456.59,Sim
CUST-0972,65,Masculino,30,Mensal,125.36,3760.8,Não
CUST-0973,46,Masculino,39,Bienal,159.72,6229.08,Não
CUST-0974,30,Feminino,25,Mensal,193.72,4843.0,Sim
CUST-0975,63,Feminino,8,Mensal,83.07,664.56,Não
CUST-0976,52,Feminino,58,Mensal,182.93,10609.94,Não
CUST-0977,78,Feminino,16,Bienal,190.15,3042.4,Não
CUST-0978,23,Masculino,1,Anual,187.46,187.46,Não
CUST-0979,35,Feminino,5,Mensal,145.31,726.55,Sim
CUST-0980,68,Masculino,3,Bienal,144.47,433.41,Não
CUST-0981,22,Feminino,65,Bienal,110.48,7181.2,Não
CUST-0982,64,Masculino,4,Mensal,162.86,651.44,Sim
CUST-0983,42,Masculino,64,Anual,129.69,8300.16,Não
CUST-0984,19,Feminino,10,Anual,151.62,1516.2,Não
CUST-0985,27,Masculino,21,Anual,114.27,2399.67,Não
CUST-0986,73,Masculino,46,Mensal,159.72,7347.12,Não
CUST-0987,47,Feminino,27,Bienal,173.67,4689.09,Não
CUST-0988,67,Masculino,66,Anual,71.97,4750.02,Não
CUST-0989,76,Feminino,41,Mensal,174.94,7172.54,Não
CUST-0990,62,Feminino,13,Mensal,131.04,1703.52,Não
CUST-0991,22,Feminino,9,Mensal,176.7,1590.3,Sim
CUST-0992,72,Masculino,36,Mensal,114.7,4129.2,Não
CUST-0993,73,Masculino,58,Anual,106.86,6197.88,Não
CUST-0994,50,Masculino,54,Mensal,187.26,10112.04,Não
CUST-0995,71,Feminino,12,Mensal,87.68,1052.16,Não
CUST-0996,18,Masculino,14,Anual,176.63,2472.82,Não
CUST-0997,35,Feminino,34,Mensal,122.6,4168.4,Não
CUST-0998,49,Feminino,53,Bienal,127.11,6736.83,Não
CUST-0999,64,Masculino,20,Mensal,96.27,1925.4,Não
CUST-1000,66,Feminino,16,Mensal,135.96,2175.36,Não
